rating,title,text,date
5,Smooth experience,The interface is clean and investing is straightforward.,2025-12-05
4,Great UI,Navigation is intuitive and simple.,2025-12-06
3,Slow updates,Data refresh takes longer than expected.,2025-12-07
2,KYC delay,I faced delays while completing verification.,2025-12-08
1,Payment problem,Adding funds sometimes fails unexpectedly.,2025-12-09
5,Helpful for beginners,Very beginner friendly and easy to understand.,2025-12-10
4,Smooth experience,Portfolio tracking works well most of the time.,2025-12-11
3,App crash issue,App crashed when checking my holdings.,2025-12-12
2,Support not responsive,Customer support did not respond quickly.,2025-12-13
5,Easy navigation,Navigation is intuitive and simple.,2025-12-14
4,Great UI,The interface is clean and investing is straightforward.,2025-12-15
3,Slow updates,Data refresh takes longer than expected.,2025-12-16
2,KYC delay,I faced delays while completing verification.,2025-12-17
1,Payment problem,Adding funds sometimes fails unexpectedly.,2025-12-18
5,Helpful for beginners,Very beginner friendly and easy to understand.,2025-12-19
4,Smooth experience,Portfolio tracking works well most of the time.,2025-12-20
3,App crash issue,App crashed when checking my holdings.,2025-12-21
2,Support not responsive,Customer support did not respond quickly.,2025-12-22
5,Easy navigation,Navigation is intuitive and simple.,2025-12-23
4,Great UI,The interface is clean and investing is straightforward.,2025-12-24
3,Slow updates,Data refresh takes longer than expected.,2025-12-25
2,KYC delay,I faced delays while completing verification.,2025-12-26
1,Payment problem,Adding funds sometimes fails unexpectedly.,2025-12-27
5,Helpful for beginners,Very beginner friendly and easy to understand.,2025-12-28
4,Smooth experience,Portfolio tracking works well most of the time.,2025-12-29
3,App crash issue,App crashed when checking my holdings.,2025-12-30
2,Support not responsive,Customer support did not respond quickly.,2025-12-31
5,Easy navigation,Navigation is intuitive and simple.,2026-01-01
4,Great UI,The interface is clean and investing is straightforward.,2026-01-02
3,Slow updates,Data refresh takes longer than expected.,2026-01-03
2,KYC delay,I faced delays while completing verification.,2026-01-04
1,Payment problem,Adding funds sometimes fails unexpectedly.,2026-01-05
5,Helpful for beginners,Very beginner friendly and easy to understand.,2026-01-06
4,Smooth experience,Portfolio tracking works well most of the time.,2026-01-07
3,App crash issue,App crashed when checking my holdings.,2026-01-08
2,Support not responsive,Customer support did not respond quickly.,2026-01-09
5,Easy navigation,Navigation is intuitive and simple.,2026-01-10
4,Great UI,The interface is clean and investing is straightforward.,2026-01-11
3,Slow updates,Data refresh takes longer than expected.,2026-01-12
2,KYC delay,I faced delays while completing verification.,2026-01-13
1,Payment problem,Adding funds sometimes fails unexpectedly.,2026-01-14
5,Helpful for beginners,Very beginner friendly and easy to understand.,2026-01-15
4,Smooth experience,Portfolio tracking works well most of the time.,2026-01-16
3,App crash issue,App crashed when checking my holdings.,2026-01-17
2,Support not responsive,Customer support did not respond quickly.,2026-01-18
5,Easy navigation,Navigation is intuitive and simple.,2026-01-19
4,Great UI,The interface is clean and investing is straightforward.,2026-01-20
3,Slow updates,Data refresh takes longer than expected.,2026-01-21
2,KYC delay,I faced delays while completing verification.,2026-01-22
1,Payment problem,Adding funds sometimes fails unexpectedly.,2026-01-23
5,Helpful for beginners,Very beginner friendly and easy to understand.,2026-01-24
4,Smooth experience,Portfolio tracking works well most of the time.,2026-01-25
3,App crash issue,App crashed when checking my holdings.,2026-01-26
2,Support not responsive,Customer support did not respond quickly.,2026-01-27
5,Easy navigation,Navigation is intuitive and simple.,2026-01-28
4,Great UI,The interface is clean and investing is straightforward.,2026-01-29
3,Slow updates,Data refresh takes longer than expected.,2026-01-30
2,KYC delay,I faced delays while completing verification.,2026-01-31
1,Payment problem,Adding funds sometimes fails unexpectedly.,2026-02-01
5,Helpful for beginners,Very beginner friendly and easy to understand.,2026-02-02
4,Smooth experience,Portfolio tracking works well most of the time.,2026-02-03
3,App crash issue,App crashed when checking my holdings.,2026-02-04
2,Support not responsive,Customer support did not respond quickly.,2026-02-05
5,Easy navigation,Navigation is intuitive and simple.,2026-02-06
4,Great UI,The interface is clean and investing is straightforward.,2026-02-07
3,Slow updates,Data refresh takes longer than expected.,2026-02-08
2,KYC delay,I faced delays while completing verification.,2026-02-09
1,Payment problem,Adding funds sometimes fails unexpectedly.,2026-02-10
5,Helpful for beginners,Very beginner friendly and easy to understand.,2026-02-11
4,Smooth experience,Portfolio tracking works well most of the time.,2026-02-12
3,App crash issue,App crashed when checking my holdings.,2026-02-13
2,Support not responsive,Customer support did not respond quickly.,2026-02-14
5,Easy navigation,Navigation is intuitive and simple.,2026-02-15
4,Great UI,The interface is clean and investing is straightforward.,2026-02-16
3,Slow updates,Data refresh takes longer than expected.,2026-02-17
2,KYC delay,I faced delays while completing verification.,2026-02-18
1,Payment problem,Adding funds sometimes fails unexpectedly.,2026-02-19
5,Helpful for beginners,Very beginner friendly and easy to understand.,2026-02-20
